date,usd_pkr,gbp_pkr,eur_pkr,sar_pkr,aed_pkr,source_updated_utc
2026-09-17,277.5103,372.5326,319.2357,74.0027,75.5644,"Thu, 17 Sep 2026 00:02:31 +0000"
2026-09-18,277.2812,370.5819,318.4856,73.9417,75.5020,"Fri, 18 Sep 2026 00:02:31 +0000"
2026-09-19,277.4215,370.8263,318.4133,73.9791,75.5402,"Sat, 19 Sep 2026 00:02:31 +0000"
2026-09-20,278.6313,372.5301,319.7913,74.3017,75.8696,"Sun, 20 Sep 2026 00:02:31 +0000"
2026-09-21,277.9262,371.8519,318.9806,74.1137,75.6777,"Mon, 21 Sep 2026 00:02:31 +0000"
2026-09-22,277.4259,371.0148,318.2366,73.9802,75.5414,"Tue, 22 Sep 2026 00:02:31 +0000"
2026-09-23,277.1291,369.8368,317.3693,73.9011,75.4606,"Wed, 23 Sep 2026 00:02:31 +0000"
2026-09-24,276.9709,367.0856,315.6824,73.8589,75.4175,"Thu, 24 Sep 2026 00:02:32 +0000"
2026-09-25,277.3855,366.6967,315.6833,73.9695,75.5304,"Fri, 25 Sep 2026 00:02:31 +0000"
2026-09-26,276.9561,366.6588,315.7033,73.8550,75.4135,"Sat, 26 Sep 2026 00:02:32 +0000"
2026-09-27,277.0044,366.8481,315.6724,73.8678,75.4267,"Sun, 27 Sep 2026 00:02:31 +0000"
2026-09-28,276.9095,366.4793,315.2589,73.8425,75.4008,"Mon, 28 Sep 2026 00:02:31 +0000"
2026-09-29,276.9628,367.0973,315.0022,73.8568,75.4153,"Tue, 29 Sep 2026 00:02:31 +0000"
2026-09-30,276.8771,366.2584,314.0905,73.8339,75.3920,"Wed, 30 Sep 2026 00:02:31 +0000"
2026-10-01,276.9840,367.4512,314.1074,73.8624,75.4211,"Thu, 01 Oct 2026 00:02:31 +0000"
2026-10-02,277.1000,365.9878,312.2922,73.8933,75.4527,"Fri, 02 Oct 2026 00:02:31 +0000"
2026-10-03,276.8170,366.0086,311.4671,73.8179,75.3756,"Sat, 03 Oct 2026 00:02:32 +0000"
2026-10-04,276.8348,365.9860,311.4752,73.8226,75.3805,"Sun, 04 Oct 2026 00:02:32 +0000"
2026-10-05,277.4923,367.1859,312.1785,73.9980,75.5595,"Mon, 05 Oct 2026 00:02:31 +0000"
2026-10-06,277.0952,366.2930,310.6062,73.8921,75.4514,"Tue, 06 Oct 2026 00:02:31 +0000"
2026-10-07,276.7415,367.0366,311.3860,73.7977,75.3551,"Wed, 07 Oct 2026 00:02:32 +0000"
2026-10-08,277.0841,366.2474,310.3022,73.8891,75.4484,"Thu, 08 Oct 2026 00:02:31 +0000"
